Nyra Twenty CRM	twenty.ratehunter.net	team
Nyra n8n	n8n.ratehunter.net	team
Nyra Activepieces	activepieces.ratehunter.net	team
Nyra Grafana	grafana.ratehunter.net	owner
Nyra Prometheus	prometheus.ratehunter.net	owner
Nyra cAdvisor	cadvisor.ratehunter.net	owner
Nyra Open WebUI	openwebui.ratehunter.net	team
Nyra Nexus UI	nexus.ratehunter.net	team
Nyra LiteLLM	litellm.ratehunter.net	owner
Nyra Paperclip	paperclip.ratehunter.net	team
Nyra ClawTeam	clawteam.ratehunter.net	team
Nyra Oracle Portainer	portainer-oracle.ratehunter.net	owner
Nyra Links	links.ratehunter.net	team
Nyra Linkwarden Alias	linkwarden.ratehunter.net	team
Nyra OpenClaw Gateway	openclaw-gateway.ratehunter.net	team
